{"n": 10, "w": [1.9316506547937242, -0.4188282171035192, 0.0031305494905122643, 4.794233103701422, -0.8291263736042881, -0.8693741491823184, -0.7855500343297616, -0.3696618492131733, -0.2981521714797713, -0.04874196910079953, 0.24796524930218036, 0.09309215972940416, -0.414196623386961, 0.6217352799318829, -0.9794491303532014, 4.785912292695627, -0.8340420404324508, -0.2172034625348902]}