{"n": 4, "w": [0.8672722807060776, -0.6225001397518206, 0.008275252359442719, 3.1658118910894792, -1.8774811221624605, -0.41858390443604, -0.621133904004491, -4.8397302208117186, 3.604117769967886, 3.166475048336181, -1.8704232924738284, -0.9018106514109846]}