{"n": 7, "w": [2.5799341799127706, -0.38531977242753385, 0.005580597195653614, 5.652900675383858, -1.3026053775823832, -1.1027885959153547, -0.8010080550679234, -0.34631283242714045, 0.49076982101906325, -0.38050184301648593, -1.3662856818864897, 0.08345809694393058, 5.648375781363344, -1.297963110820399, -0.37811584531631076]}