{"n": 8, "w": [2.0259904100831516, -0.6241279852483329, 0.004123162123231321, 5.442973929474808, -1.122506763434968, -1.0851697681248644, -0.9961532995368205, -0.5636697742588792, -0.0781740579741434, 0.42896360742545564, -0.6182889455516067, -1.107445274263443, -0.11334370920557221, 5.440884258004059, -1.1134329076035345, -0.42832652226180645]}