{"n": 9, "w": [1.8661739450253094, -0.6978356676898131, -0.004606984946368169, 5.239941658015737, -0.927469585418389, -0.9892949174378713, -0.9660352773501921, -0.4321306394984255, -0.2963337966663086, 0.05037256170054492, 0.1817775393059425, -0.6927797900313425, -0.039077592160965915, -0.6068285423553871, 5.240793861027587, -0.9298221146316819, -0.47033748502309586]}